Date,Users
2018-05-12-08,251722
2018-05-13-08,256886
2018-05-14-08,251226
2018-05-15-08,251353
2018-05-16-08,253116
2018-05-17-08,253756
2018-05-18-08,256128
2018-05-19-08,260954
2018-05-20-08,269744
2018-05-21-08,256406
2018-05-22-08,255596
2018-05-23-08,258679
2018-05-24-08,261624
2018-05-25-08,266014
2018-05-26-08,272467
2018-05-27-08,278049
2018-05-28-08,267053
2018-05-29-08,268524
2018-05-30-08,270933
2018-05-31-08,38745
2018-06-01-08,274627
2018-06-02-08,284189
2018-06-03-08,291274
2018-06-04-08,279227
2018-06-05-08,280108
2018-06-06-08,279868
2018-06-07-08,279538
2018-06-08-08,280802
2018-06-09-08,291052
2018-06-10-08,298155
2018-06-11-08,286608
2018-06-12-08,288777
2018-06-13-08,286658
2018-06-14-08,285630
2018-06-15-08,288468
2018-06-16-08,297743
2018-06-17-08,307101
2018-06-18-08,296060
2018-06-19-08,299619
2018-06-20-08,296620
2018-06-21-08,293190
2018-06-22-08,292588
2018-06-23-08,302665
2018-06-24-08,310115
2018-06-25-08,298562
2018-06-27-08,295538
2018-06-28-08,298312
2018-06-29-08,304065
2018-06-30-08,311424
2018-07-01-08,317260
2018-07-02-08,306023
2018-07-03-08,305671
2018-07-04-08,304376
2018-07-05-08,304392
2018-07-06-08,303479
2018-07-07-08,310862
2018-07-08-08,317602
2018-07-09-08,306368
2018-07-10-08,303534
2018-07-11-08,303486
2018-07-12-08,302326
2018-07-13-08,298091
2018-07-14-08,311104
2018-07-15-08,316988
2018-07-16-08,303987
2018-07-17-08,301802
2018-07-18-08,302714
2018-07-19-08,295269
2018-07-20-08,302407
2018-07-21-08,307793
2018-07-22-08,314806
2018-07-23-08,307566
2018-07-24-08,307745
2018-07-25-08,303717
2018-07-26-08,300997
2018-07-27-08,302381
2018-07-28-08,310474
2018-07-29-08,314554
2018-07-30-08,304258
2018-07-31-08,133111
2018-08-01-08,302615
2018-08-02-08,302970
2018-08-03-08,303610
2018-08-04-08,309586
2018-08-05-08,317224
2018-08-06-08,303838
2018-08-07-08,303035
2018-08-08-08,298316
2018-08-09-08,302101
